timestamp,city,competitor_1_multiplier,competitor_2_multiplier,competitor_1_available,competitor_2_available
2024-07-01T01:00:00,Chicago,0.98,1.12,True,False
2024-07-01T02:00:00,Chicago,1.09,0.96,True,False
2024-07-01T04:00:00,Chicago,1.06,1.09,False,True
2024-07-01T05:00:00,Chicago,0.91,0.87,True,True
2024-07-01T15:00:00,Chicago,1.06,0.98,True,True
2024-07-01T17:00:00,Chicago,1.15,0.99,False,True
2024-07-01T18:00:00,Chicago,1.05,0.94,False,True
2024-07-01T19:00:00,Chicago,1.2,1.11,True,True
2024-07-01T23:00:00,Chicago,1.47,0.85,True,True
2024-07-02T15:00:00,Chicago,0.95,1.04,True,True
2024-07-02T17:00:00,Chicago,1.28,1.12,True,True
2024-07-02T23:00:00,Chicago,1.45,0.95,True,True
2024-07-03T03:00:00,Chicago,0.98,1.01,True,True
2024-07-03T04:00:00,Chicago,1.09,1.13,True,True
2024-07-03T07:00:00,Chicago,1.09,1.2,True,True
2024-07-03T08:00:00,Chicago,1.02,1.24,False,True
2024-07-03T11:00:00,Chicago,1.02,1.04,True,True
2024-07-03T13:00:00,Chicago,1.56,0.85,True,True
2024-07-03T17:00:00,Chicago,1.42,1.57,True,True
2024-07-03T18:00:00,Chicago,1.01,1.55,True,True
2024-07-03T20:00:00,Chicago,1.05,0.89,True,True
2024-07-04T02:00:00,Chicago,1.04,0.99,True,True
2024-07-04T04:00:00,Chicago,1.09,1.0,True,True
2024-07-04T05:00:00,Chicago,1.08,0.86,True,True
2024-07-04T06:00:00,Chicago,0.94,0.85,True,True
2024-07-04T08:00:00,Chicago,0.95,1.13,True,True
2024-07-04T09:00:00,Chicago,1.01,0.95,True,True
2024-07-04T10:00:00,Chicago,1.09,0.87,True,True
2024-07-04T12:00:00,Chicago,0.99,1.11,True,True
2024-07-04T14:00:00,Chicago,0.97,0.88,True,False
2024-07-04T17:00:00,Chicago,0.99,0.99,True,False
2024-07-04T18:00:00,Chicago,1.15,1.1,True,True
2024-07-04T20:00:00,Chicago,1.04,0.98,True,True
2024-07-04T22:00:00,Chicago,0.94,1.14,True,True
2024-07-05T01:00:00,Chicago,0.93,0.96,True,True
2024-07-05T03:00:00,Chicago,0.98,1.12,True,True
2024-07-05T07:00:00,Chicago,0.99,1.3,True,True
2024-07-05T09:00:00,Chicago,1.41,1.41,True,True
2024-07-05T17:00:00,Chicago,0.93,1.15,True,False
2024-07-05T20:00:00,Chicago,1.04,1.06,True,True
2024-07-05T21:00:00,Chicago,0.95,0.92,True,True
2024-07-06T03:00:00,Chicago,1.08,0.95,True,True
2024-07-06T04:00:00,Chicago,1.0,1.06,True,True
2024-07-06T08:00:00,Chicago,1.09,1.16,True,True
2024-07-06T10:00:00,Chicago,1.07,0.97,True,True
2024-07-06T15:00:00,Chicago,1.08,1.09,False,True
2024-07-06T16:00:00,Chicago,0.93,1.23,True,False
2024-07-07T04:00:00,Chicago,0.97,1.01,True,False
2024-07-07T09:00:00,Chicago,0.95,1.1,False,True
2024-07-07T10:00:00,Chicago,1.1,1.0,True,True
2024-07-07T14:00:00,Chicago,1.07,1.03,True,False
2024-07-07T23:00:00,Chicago,1.48,1.15,True,True
2024-07-08T01:00:00,Chicago,1.71,0.93,True,True
2024-07-08T02:00:00,Chicago,1.17,1.21,True,True
2024-07-08T04:00:00,Chicago,1.08,0.85,True,True
2024-07-08T06:00:00,Chicago,1.04,0.85,True,True
2024-07-08T09:00:00,Chicago,0.97,1.11,True,True
2024-07-08T10:00:00,Chicago,1.06,0.95,True,True
2024-07-08T13:00:00,Chicago,0.98,1.06,True,False
2024-07-08T15:00:00,Chicago,1.09,0.97,True,False
2024-07-08T16:00:00,Chicago,1.06,0.97,False,False
2024-07-08T22:00:00,Chicago,1.02,0.99,True,True
2024-07-09T08:00:00,Chicago,0.99,0.87,True,True
2024-07-09T09:00:00,Chicago,1.24,1.0,True,False
2024-07-09T10:00:00,Chicago,0.99,1.09,True,True
2024-07-09T11:00:00,Chicago,1.05,1.11,True,True
2024-07-09T12:00:00,Chicago,0.94,0.95,True,True
2024-07-09T14:00:00,Chicago,1.07,0.9,False,True
2024-07-09T20:00:00,Chicago,0.93,1.37,True,True
2024-07-09T21:00:00,Chicago,1.38,1.04,True,True
2024-07-10T03:00:00,Chicago,1.02,0.95,True,True
2024-07-10T05:00:00,Chicago,1.09,1.13,True,False
2024-07-10T09:00:00,Chicago,1.48,1.02,True,True
2024-07-10T10:00:00,Chicago,0.99,0.95,True,True
2024-07-10T13:00:00,Chicago,0.92,1.32,True,True
2024-07-10T15:00:00,Chicago,0.91,0.94,False,True
2024-07-10T17:00:00,Chicago,1.19,1.09,True,False
2024-07-10T20:00:00,Chicago,0.96,1.01,True,False
2024-07-10T22:00:00,Chicago,1.07,1.06,True,True
2024-07-11T00:00:00,Chicago,1.02,0.97,True,False
2024-07-11T01:00:00,Chicago,1.0,1.22,True,True
2024-07-11T04:00:00,Chicago,1.03,1.11,True,False
2024-07-11T09:00:00,Chicago,1.09,1.26,True,True
2024-07-11T10:00:00,Chicago,1.07,0.87,True,True
2024-07-11T17:00:00,Chicago,1.05,1.06,True,False
2024-07-11T18:00:00,Chicago,1.03,1.27,True,True
2024-07-12T00:00:00,Chicago,0.91,1.11,True,True
2024-07-12T01:00:00,Chicago,1.52,0.95,True,True
2024-07-12T03:00:00,Chicago,1.03,1.12,False,True
2024-07-12T10:00:00,Chicago,0.91,1.03,True,True
2024-07-12T11:00:00,Chicago,1.01,0.86,True,True
2024-07-12T14:00:00,Chicago,0.96,1.15,True,True
2024-07-12T16:00:00,Chicago,1.13,1.47,True,True
2024-07-12T19:00:00,Chicago,0.98,0.97,True,True
2024-07-12T20:00:00,Chicago,0.91,0.93,True,True
2024-07-12T22:00:00,Chicago,1.25,1.17,True,True
2024-07-13T03:00:00,Chicago,0.94,1.08,True,True
2024-07-13T05:00:00,Chicago,1.0,1.02,True,True
2024-07-13T10:00:00,Chicago,1.0,0.92,True,False
2024-07-13T19:00:00,Chicago,1.22,0.95,True,True
2024-07-13T22:00:00,Chicago,1.5,1.14,False,True
2024-07-14T05:00:00,Chicago,0.99,0.96,True,True
2024-07-14T12:00:00,Chicago,1.1,1.08,True,False
2024-07-14T17:00:00,Chicago,2.33,1.85,True,True
2024-07-14T18:00:00,Chicago,1.0,1.13,True,True
2024-07-14T23:00:00,Chicago,1.59,1.29,True,True
2024-07-15T02:00:00,Chicago,1.69,1.14,True,True
2024-07-15T07:00:00,Chicago,1.63,1.03,True,True
2024-07-15T10:00:00,Chicago,1.04,1.15,True,True
2024-07-15T17:00:00,Chicago,1.44,1.0,True,False
2024-07-15T19:00:00,Chicago,1.71,1.02,True,True
2024-07-15T22:00:00,Chicago,0.98,1.02,True,True
2024-07-16T12:00:00,Chicago,1.08,0.94,True,False
2024-07-16T17:00:00,Chicago,1.1,1.21,True,True
2024-07-16T18:00:00,Chicago,1.09,0.98,True,True
2024-07-16T19:00:00,Chicago,0.96,0.88,True,True
2024-07-16T23:00:00,Chicago,2.5,0.86,True,True
2024-07-17T00:00:00,Chicago,0.93,1.1,True,True
2024-07-17T06:00:00,Chicago,0.99,0.85,True,True
2024-07-17T10:00:00,Chicago,0.99,1.09,True,True
2024-07-17T12:00:00,Chicago,0.99,1.07,True,True
2024-07-17T13:00:00,Chicago,1.08,0.98,False,True
2024-07-17T14:00:00,Chicago,1.09,0.89,True,True
2024-07-17T15:00:00,Chicago,0.93,0.89,True,True
2024-07-18T00:00:00,Chicago,0.94,1.03,True,False
2024-07-18T01:00:00,Chicago,1.09,1.17,True,True
2024-07-18T06:00:00,Chicago,1.03,1.08,True,True
2024-07-18T09:00:00,Chicago,0.97,1.27,True,True
2024-07-18T11:00:00,Chicago,1.05,1.07,True,False
2024-07-18T14:00:00,Chicago,0.99,0.88,True,True
2024-07-18T17:00:00,Chicago,0.99,1.06,True,False
2024-07-19T05:00:00,Chicago,0.96,1.09,True,True
2024-07-19T07:00:00,Chicago,1.06,1.19,False,True
2024-07-19T09:00:00,Chicago,1.07,0.95,True,True
2024-07-19T10:00:00,Chicago,0.93,0.92,True,True
2024-07-19T11:00:00,Chicago,0.97,1.02,True,False
2024-07-19T13:00:00,Chicago,1.08,1.09,True,True
2024-07-19T16:00:00,Chicago,1.04,1.07,False,True
2024-07-19T21:00:00,Chicago,1.02,1.01,True,False
2024-07-20T00:00:00,Chicago,1.09,1.13,True,True
2024-07-20T06:00:00,Chicago,1.28,1.06,True,True
2024-07-20T09:00:00,Chicago,1.16,1.21,True,True
2024-07-20T11:00:00,Chicago,1.09,0.89,True,True
2024-07-20T13:00:00,Chicago,1.1,0.89,False,True
2024-07-20T14:00:00,Chicago,1.02,1.1,True,True
2024-07-20T17:00:00,Chicago,1.04,1.14,True,True
2024-07-20T20:00:00,Chicago,1.06,0.98,True,True
2024-07-21T05:00:00,Chicago,1.06,0.85,True,False
2024-07-21T06:00:00,Chicago,1.03,0.92,True,False
2024-07-21T09:00:00,Chicago,0.94,1.09,True,True
2024-07-21T13:00:00,Chicago,0.99,1.08,True,True
2024-07-21T16:00:00,Chicago,0.92,1.05,True,True
2024-07-21T20:00:00,Chicago,1.07,1.08,False,True
2024-07-21T22:00:00,Chicago,0.95,1.1,True,True
2024-07-21T23:00:00,Chicago,0.98,0.99,True,False
2024-07-22T04:00:00,Chicago,1.09,0.99,True,True
2024-07-22T08:00:00,Chicago,1.03,1.21,False,True
2024-07-22T09:00:00,Chicago,1.18,1.19,True,True
2024-07-22T10:00:00,Chicago,1.05,0.97,True,True
2024-07-22T12:00:00,Chicago,1.08,0.96,True,True
2024-07-22T14:00:00,Chicago,1.03,0.93,False,False
2024-07-22T17:00:00,Chicago,1.1,0.99,True,True
2024-07-22T20:00:00,Chicago,1.04,0.92,True,True
2024-07-23T02:00:00,Chicago,1.12,0.92,True,True
2024-07-23T04:00:00,Chicago,0.94,0.94,True,True
2024-07-23T07:00:00,Chicago,1.39,1.04,True,True
2024-07-23T08:00:00,Chicago,2.48,0.85,True,True
2024-07-23T09:00:00,Chicago,1.02,1.34,False,False
2024-07-23T11:00:00,Chicago,1.05,0.91,True,False
2024-07-23T19:00:00,Chicago,1.04,1.15,False,True
2024-07-23T23:00:00,Chicago,1.01,1.1,False,True
2024-07-24T04:00:00,Chicago,1.07,1.06,True,True
2024-07-24T05:00:00,Chicago,1.07,0.87,True,True
2024-07-24T09:00:00,Chicago,0.99,1.14,True,True
2024-07-24T12:00:00,Chicago,1.07,1.11,True,True
2024-07-24T13:00:00,Chicago,1.01,0.93,True,True
2024-07-24T14:00:00,Chicago,1.03,1.05,True,True
2024-07-24T15:00:00,Chicago,0.98,0.91,True,True
2024-07-24T17:00:00,Chicago,0.93,1.05,True,True
2024-07-24T20:00:00,Chicago,1.02,1.05,True,True
2024-07-24T22:00:00,Chicago,0.99,1.01,True,True
2024-07-24T23:00:00,Chicago,0.92,1.11,False,True
2024-07-25T02:00:00,Chicago,1.1,1.11,True,True
2024-07-25T16:00:00,Chicago,1.02,0.85,True,True
2024-07-25T19:00:00,Chicago,1.23,1.05,True,True
2024-07-25T22:00:00,Chicago,0.99,0.91,True,True
2024-07-25T23:00:00,Chicago,0.97,1.05,True,True
2024-07-26T01:00:00,Chicago,1.26,0.9,True,True
2024-07-26T09:00:00,Chicago,1.58,1.11,True,True
2024-07-26T10:00:00,Chicago,0.94,1.11,True,True
2024-07-26T14:00:00,Chicago,1.68,0.91,True,True
2024-07-26T15:00:00,Chicago,0.91,1.08,True,True
2024-07-26T16:00:00,Chicago,1.56,1.11,True,True
2024-07-27T04:00:00,Chicago,0.99,1.0,True,True
2024-07-27T09:00:00,Chicago,1.05,1.39,True,True
2024-07-27T12:00:00,Chicago,0.91,0.86,False,True
2024-07-27T13:00:00,Chicago,1.05,1.93,False,True
2024-07-27T18:00:00,Chicago,0.95,1.17,True,True
2024-07-27T22:00:00,Chicago,1.07,1.29,True,True
2024-07-28T05:00:00,Chicago,0.96,1.14,True,False
2024-07-28T15:00:00,Chicago,1.05,0.93,True,True
2024-07-28T17:00:00,Chicago,0.96,1.12,True,True
2024-07-28T21:00:00,Chicago,1.04,0.99,True,True
2024-07-28T22:00:00,Chicago,0.93,1.12,True,True
2024-07-29T08:00:00,Chicago,0.96,0.87,True,True
2024-07-29T09:00:00,Chicago,1.14,1.04,False,True
2024-07-29T12:00:00,Chicago,1.04,1.13,True,False
2024-07-29T21:00:00,Chicago,1.03,1.13,True,True
2024-07-30T02:00:00,Chicago,1.05,1.73,True,True
2024-07-30T08:00:00,Chicago,1.08,1.05,True,True
2024-07-30T09:00:00,Chicago,1.71,1.1,True,True
2024-07-30T20:00:00,Chicago,1.07,0.96,True,True
2024-07-31T00:00:00,Chicago,0.94,1.14,False,True
2024-07-31T02:00:00,Chicago,0.93,0.91,True,True
2024-07-31T05:00:00,Chicago,0.98,1.06,True,True
2024-07-31T07:00:00,Chicago,1.09,1.17,True,True
2024-07-31T11:00:00,Chicago,1.01,0.9,True,True
2024-07-31T15:00:00,Chicago,1.03,0.93,True,True
2024-07-31T17:00:00,Chicago,1.65,1.13,True,False
2024-07-31T20:00:00,Chicago,1.04,0.91,False,True
2024-08-01T00:00:00,Chicago,0.93,1.08,True,True
2024-08-01T02:00:00,Chicago,1.12,0.98,False,True
2024-08-01T06:00:00,Chicago,1.0,1.15,True,True
2024-08-01T10:00:00,Chicago,0.9,1.07,True,False
2024-08-01T14:00:00,Chicago,1.06,1.06,True,True
2024-08-01T22:00:00,Chicago,0.96,0.98,True,True
2024-08-01T23:00:00,Chicago,2.13,1.29,True,True
2024-08-02T02:00:00,Chicago,1.2,1.26,True,True
2024-08-02T07:00:00,Chicago,1.32,1.26,True,True
2024-08-02T12:00:00,Chicago,1.05,0.93,True,False
2024-08-02T13:00:00,Chicago,1.03,0.96,True,False
2024-08-02T19:00:00,Chicago,1.72,0.97,True,True
2024-08-03T01:00:00,Chicago,1.11,0.86,True,True
2024-08-03T02:00:00,Chicago,0.98,0.92,True,False
2024-08-03T16:00:00,Chicago,0.98,0.9,True,True
2024-08-03T21:00:00,Chicago,0.94,1.03,False,True
2024-08-03T22:00:00,Chicago,1.06,1.21,True,False
2024-08-04T11:00:00,Chicago,0.98,1.14,False,False
2024-08-04T12:00:00,Chicago,0.9,1.24,True,True
2024-08-04T13:00:00,Chicago,1.01,0.89,True,True
2024-08-04T20:00:00,Chicago,0.93,0.85,True,True
2024-08-05T04:00:00,Chicago,0.94,1.08,True,True
2024-08-05T10:00:00,Chicago,0.91,1.11,True,True
2024-08-05T13:00:00,Chicago,0.96,0.85,True,True
2024-08-05T15:00:00,Chicago,1.18,1.03,True,False
2024-08-05T17:00:00,Chicago,1.02,1.34,False,True
2024-08-05T21:00:00,Chicago,0.93,1.02,True,True
2024-08-06T00:00:00,Chicago,1.02,1.1,True,True
2024-08-06T07:00:00,Chicago,1.0,1.18,True,True
2024-08-06T09:00:00,Chicago,1.01,0.94,True,False
2024-08-06T12:00:00,Chicago,1.08,1.03,True,True
2024-08-06T14:00:00,Chicago,1.04,1.02,True,True
2024-08-06T16:00:00,Chicago,1.12,1.31,True,True
2024-08-06T18:00:00,Chicago,1.15,0.95,False,False
2024-08-06T19:00:00,Chicago,1.07,1.05,True,True
2024-08-06T20:00:00,Chicago,1.08,0.99,True,True
2024-08-06T21:00:00,Chicago,1.08,1.14,True,True
2024-08-07T06:00:00,Chicago,1.08,0.97,False,True
2024-08-07T08:00:00,Chicago,0.99,1.14,True,False
2024-08-07T10:00:00,Chicago,1.54,1.06,True,True
2024-08-07T13:00:00,Chicago,1.66,0.9,True,True
2024-08-07T15:00:00,Chicago,1.08,0.92,True,True
2024-08-07T17:00:00,Chicago,1.28,0.94,False,True
2024-08-07T18:00:00,Chicago,0.95,1.1,True,False
2024-08-08T04:00:00,Chicago,1.06,1.03,True,True
2024-08-08T05:00:00,Chicago,0.95,0.98,True,True
2024-08-08T12:00:00,Chicago,0.9,1.12,True,True
2024-08-08T13:00:00,Chicago,0.96,1.02,True,False
2024-08-08T14:00:00,Chicago,1.07,1.11,False,True
2024-08-08T15:00:00,Chicago,1.06,1.05,True,False
2024-08-08T21:00:00,Chicago,0.91,1.02,True,True
2024-08-08T23:00:00,Chicago,1.04,1.22,True,False
2024-08-09T05:00:00,Chicago,1.09,0.95,True,False
2024-08-09T07:00:00,Chicago,1.01,1.02,True,True
2024-08-09T13:00:00,Chicago,0.92,0.88,True,True
2024-08-09T15:00:00,Chicago,1.09,0.97,True,True
2024-08-09T16:00:00,Chicago,1.04,1.77,True,True
2024-08-09T17:00:00,Chicago,1.09,1.09,True,False
2024-08-09T22:00:00,Chicago,1.02,1.07,True,True
2024-08-10T03:00:00,Chicago,0.97,1.06,True,True
2024-08-10T04:00:00,Chicago,1.0,0.9,True,True
2024-08-10T05:00:00,Chicago,0.91,1.12,True,True
2024-08-10T07:00:00,Chicago,1.15,0.97,True,True
2024-08-10T16:00:00,Chicago,1.52,1.11,True,True
2024-08-10T17:00:00,Chicago,1.53,0.88,True,True
2024-08-10T18:00:00,Chicago,1.05,1.28,False,True
2024-08-10T21:00:00,Chicago,1.01,1.11,True,True
2024-08-10T22:00:00,Chicago,1.1,0.99,False,True
2024-08-11T08:00:00,Chicago,1.33,1.44,True,False
2024-08-11T11:00:00,Chicago,0.9,1.15,True,True
2024-08-11T12:00:00,Chicago,0.94,0.88,True,True
2024-08-11T20:00:00,Chicago,1.0,1.01,True,True
2024-08-11T23:00:00,Chicago,1.08,1.03,False,True
2024-08-12T03:00:00,Chicago,1.18,0.89,True,False
2024-08-12T04:00:00,Chicago,1.02,0.99,True,True
2024-08-12T05:00:00,Chicago,0.91,1.01,True,True
2024-08-12T07:00:00,Chicago,1.73,1.0,True,False
2024-08-12T09:00:00,Chicago,1.56,1.02,True,True
2024-08-12T11:00:00,Chicago,1.02,0.94,True,True
2024-08-12T13:00:00,Chicago,0.96,1.09,True,True
2024-08-12T20:00:00,Chicago,0.93,0.99,True,True
2024-08-12T21:00:00,Chicago,1.0,1.28,True,True
2024-08-12T22:00:00,Chicago,0.99,1.11,True,False
2024-08-13T00:00:00,Chicago,1.05,0.88,True,True
2024-08-13T07:00:00,Chicago,1.1,1.09,True,True
2024-08-13T08:00:00,Chicago,1.02,1.46,True,False
2024-08-13T11:00:00,Chicago,1.29,1.1,True,True
2024-08-13T14:00:00,Chicago,0.99,0.94,True,True
2024-08-13T18:00:00,Chicago,1.2,0.95,True,True
2024-08-13T19:00:00,Chicago,1.11,1.85,True,True
2024-08-13T20:00:00,Chicago,0.94,0.95,False,False
2024-08-13T22:00:00,Chicago,1.01,1.13,True,True
2024-08-14T05:00:00,Chicago,1.08,0.99,True,True
2024-08-14T07:00:00,Chicago,0.98,1.36,True,True
2024-08-14T08:00:00,Chicago,2.15,2.18,True,False
2024-08-14T12:00:00,Chicago,0.91,0.99,True,True
2024-08-14T14:00:00,Chicago,0.92,1.11,True,True
2024-08-14T15:00:00,Chicago,1.04,0.87,True,False
2024-08-14T17:00:00,Chicago,1.48,0.95,True,True
2024-08-14T20:00:00,Chicago,1.01,0.92,True,True
2024-08-15T02:00:00,Chicago,1.03,1.17,True,True
2024-08-15T05:00:00,Chicago,1.06,1.13,True,False
2024-08-15T07:00:00,Chicago,1.2,1.46,True,False
2024-08-15T09:00:00,Chicago,0.96,1.19,True,True
2024-08-15T13:00:00,Chicago,1.0,1.09,True,True
2024-08-15T16:00:00,Chicago,1.54,1.17,True,True
2024-08-15T17:00:00,Chicago,1.08,1.2,True,True
2024-08-15T22:00:00,Chicago,1.05,0.91,True,True
2024-08-16T01:00:00,Chicago,1.35,1.03,True,False
2024-08-16T03:00:00,Chicago,0.99,0.96,True,True
2024-08-16T20:00:00,Chicago,1.0,0.87,True,True
2024-08-16T22:00:00,Chicago,0.92,0.92,True,True
2024-08-17T01:00:00,Chicago,1.03,1.03,True,True
2024-08-17T09:00:00,Chicago,1.01,0.94,True,True
2024-08-17T15:00:00,Chicago,1.0,0.88,False,True
2024-08-17T21:00:00,Chicago,1.09,0.88,False,True
2024-08-17T22:00:00,Chicago,1.44,0.94,True,True
2024-08-17T23:00:00,Chicago,1.04,0.95,True,True
2024-08-18T02:00:00,Chicago,0.91,1.05,True,True
2024-08-18T04:00:00,Chicago,1.03,0.93,True,True
2024-08-18T10:00:00,Chicago,0.95,0.89,True,True
2024-08-18T17:00:00,Chicago,1.08,1.28,True,True
2024-08-18T18:00:00,Chicago,0.95,1.0,True,True
2024-08-18T21:00:00,Chicago,0.92,1.08,True,True
2024-08-19T01:00:00,Chicago,1.1,0.92,True,True
2024-08-19T05:00:00,Chicago,1.01,0.9,True,True
2024-08-19T09:00:00,Chicago,1.0,1.11,True,True
2024-08-19T10:00:00,Chicago,0.93,1.13,True,True
2024-08-19T12:00:00,Chicago,1.09,1.03,True,True
2024-08-19T13:00:00,Chicago,1.73,0.9,True,True
2024-08-19T16:00:00,Chicago,1.17,1.35,True,False
2024-08-19T17:00:00,Chicago,1.05,1.1,False,True
2024-08-19T18:00:00,Chicago,1.12,0.88,False,True
2024-08-19T20:00:00,Chicago,1.03,1.11,True,True
2024-08-20T04:00:00,Chicago,1.04,0.96,True,True
2024-08-20T13:00:00,Chicago,1.07,1.04,True,True
2024-08-20T18:00:00,Chicago,1.21,0.98,True,True
2024-08-20T23:00:00,Chicago,1.02,1.09,True,True
2024-08-21T00:00:00,Chicago,0.98,1.46,True,True
2024-08-21T01:00:00,Chicago,1.01,1.14,True,True
2024-08-21T03:00:00,Chicago,1.01,1.09,True,False
2024-08-21T09:00:00,Chicago,1.37,1.07,True,True
2024-08-21T10:00:00,Chicago,1.09,1.15,True,True
2024-08-21T14:00:00,Chicago,1.1,0.97,False,True
2024-08-21T15:00:00,Chicago,0.93,1.21,True,True
2024-08-21T21:00:00,Chicago,0.91,1.38,True,True
2024-08-21T22:00:00,Chicago,1.29,1.16,True,True
2024-08-21T23:00:00,Chicago,1.0,1.08,True,True
2024-08-22T07:00:00,Chicago,1.07,0.9,False,True
2024-08-22T11:00:00,Chicago,0.92,0.93,True,False
2024-08-22T12:00:00,Chicago,1.1,0.88,True,False
2024-08-22T19:00:00,Chicago,0.92,0.88,True,True
2024-08-22T20:00:00,Chicago,0.97,0.97,True,False
2024-08-23T00:00:00,Chicago,1.02,0.99,True,True
2024-08-23T05:00:00,Chicago,1.23,0.91,True,True
2024-08-23T09:00:00,Chicago,0.93,1.12,True,True
2024-08-23T10:00:00,Chicago,1.05,0.87,True,False
2024-08-23T11:00:00,Chicago,1.02,0.98,True,False
2024-08-23T15:00:00,Chicago,0.95,0.96,True,True
2024-08-23T19:00:00,Chicago,1.95,1.14,True,True
2024-08-23T22:00:00,Chicago,0.92,1.16,False,True
2024-08-24T02:00:00,Chicago,1.49,1.08,True,True
2024-08-24T07:00:00,Chicago,1.06,1.23,True,True
2024-08-24T10:00:00,Chicago,0.94,0.88,True,True
2024-08-24T16:00:00,Chicago,1.02,1.28,False,True
2024-08-24T18:00:00,Chicago,1.33,0.86,True,True
2024-08-24T20:00:00,Chicago,0.98,1.15,True,False
2024-08-24T22:00:00,Chicago,1.08,1.13,True,False
2024-08-24T23:00:00,Chicago,1.03,0.89,True,True
2024-08-25T12:00:00,Chicago,1.05,1.1,True,True
2024-08-25T14:00:00,Chicago,1.09,0.86,True,True
2024-08-25T16:00:00,Chicago,1.23,1.14,True,True
2024-08-25T18:00:00,Chicago,1.07,1.36,True,True
2024-08-25T22:00:00,Chicago,1.02,1.26,True,True
2024-08-26T01:00:00,Chicago,1.09,1.75,True,False
2024-08-26T02:00:00,Chicago,1.6,1.08,False,True
2024-08-26T03:00:00,Chicago,0.92,1.1,True,True
2024-08-26T05:00:00,Chicago,1.04,1.04,True,False
2024-08-26T07:00:00,Chicago,1.08,1.42,True,True
2024-08-26T11:00:00,Chicago,1.07,1.07,True,True
2024-08-26T21:00:00,Chicago,1.02,1.07,False,True
2024-08-27T01:00:00,Chicago,0.99,1.0,True,True
2024-08-27T02:00:00,Chicago,0.99,1.09,True,True
2024-08-27T05:00:00,Chicago,1.06,1.02,True,True
2024-08-27T06:00:00,Chicago,1.06,1.07,True,True
2024-08-27T10:00:00,Chicago,0.91,0.96,True,True
2024-08-27T11:00:00,Chicago,1.06,1.15,True,True
2024-08-27T14:00:00,Chicago,1.09,1.12,True,False
2024-08-27T17:00:00,Chicago,1.01,1.14,True,False
2024-08-27T18:00:00,Chicago,1.0,1.36,True,True
2024-08-27T19:00:00,Chicago,1.04,1.14,False,True
2024-08-27T20:00:00,Chicago,0.94,1.09,True,True
2024-08-27T22:00:00,Chicago,1.36,2.12,True,True
2024-08-28T05:00:00,Chicago,1.09,0.87,True,True
2024-08-28T08:00:00,Chicago,1.18,1.2,True,True
2024-08-28T15:00:00,Chicago,0.91,1.16,True,True
2024-08-28T19:00:00,Chicago,1.27,1.25,True,True
2024-08-29T00:00:00,Chicago,1.03,0.91,True,False
2024-08-29T01:00:00,Chicago,0.98,1.07,True,True
2024-08-29T16:00:00,Chicago,1.03,0.87,True,True
2024-08-29T18:00:00,Chicago,0.95,1.12,True,False
2024-08-29T22:00:00,Chicago,1.04,1.15,True,True
2024-08-30T04:00:00,Chicago,0.98,0.86,True,True
2024-08-30T06:00:00,Chicago,1.08,1.04,True,True
2024-08-30T08:00:00,Chicago,1.27,1.43,True,True
2024-08-30T17:00:00,Chicago,1.64,0.99,False,True
2024-08-30T20:00:00,Chicago,1.05,0.99,True,True
2024-08-30T22:00:00,Chicago,1.08,1.22,True,True
2024-08-31T06:00:00,Chicago,1.08,1.29,True,True
2024-08-31T07:00:00,Chicago,1.5,1.4,True,True
2024-08-31T09:00:00,Chicago,0.93,1.14,True,False
2024-08-31T10:00:00,Chicago,1.0,0.89,False,True
2024-08-31T21:00:00,Chicago,0.9,1.1,True,False
2024-09-01T00:00:00,Chicago,1.17,1.14,True,False
2024-09-01T02:00:00,Chicago,1.0,0.86,True,True
2024-09-01T04:00:00,Chicago,0.94,0.89,True,True
2024-09-01T12:00:00,Chicago,1.03,0.99,True,False
2024-09-01T15:00:00,Chicago,0.99,1.08,True,True
2024-09-01T21:00:00,Chicago,1.06,1.03,True,True
2024-09-02T00:00:00,Chicago,0.9,1.1,True,False
2024-09-02T10:00:00,Chicago,1.01,1.09,True,True
2024-09-02T19:00:00,Chicago,1.7,1.21,False,True
2024-09-02T22:00:00,Chicago,1.07,1.15,True,True
2024-09-02T23:00:00,Chicago,1.09,1.02,True,False
2024-09-03T01:00:00,Chicago,1.09,0.98,True,True
2024-09-03T04:00:00,Chicago,1.1,0.97,True,True
2024-09-03T10:00:00,Chicago,0.9,0.87,True,True
2024-09-03T17:00:00,Chicago,1.03,1.65,True,True
2024-09-03T19:00:00,Chicago,1.39,1.06,True,True
2024-09-04T00:00:00,Chicago,0.98,1.07,True,True
2024-09-04T12:00:00,Chicago,2.5,1.01,True,True
2024-09-04T13:00:00,Chicago,1.05,1.12,True,True
2024-09-04T18:00:00,Chicago,1.29,1.38,True,True
2024-09-04T20:00:00,Chicago,0.9,0.9,True,True
2024-09-04T22:00:00,Chicago,1.18,0.99,True,True
2024-09-05T04:00:00,Chicago,1.02,0.91,True,True
2024-09-05T05:00:00,Chicago,1.03,1.49,True,True
2024-09-05T08:00:00,Chicago,1.56,1.43,True,True
2024-09-05T12:00:00,Chicago,1.01,0.95,True,True
2024-09-05T14:00:00,Chicago,0.96,0.88,False,False
2024-09-05T18:00:00,Chicago,1.22,1.09,True,True
2024-09-06T03:00:00,Chicago,0.93,0.99,False,True
2024-09-06T06:00:00,Chicago,1.07,0.86,True,True
2024-09-06T07:00:00,Chicago,1.69,1.67,True,True
2024-09-06T12:00:00,Chicago,1.07,0.97,True,True
2024-09-06T14:00:00,Chicago,1.07,1.0,True,False
2024-09-06T15:00:00,Chicago,0.92,1.11,True,True
2024-09-06T16:00:00,Chicago,0.99,1.24,True,True
2024-09-06T20:00:00,Chicago,0.99,1.07,True,True
2024-09-07T00:00:00,Chicago,0.92,1.19,True,False
2024-09-07T02:00:00,Chicago,0.91,0.91,True,False
2024-09-07T09:00:00,Chicago,1.64,0.91,True,True
2024-09-07T12:00:00,Chicago,1.03,0.98,True,True
2024-09-07T17:00:00,Chicago,1.67,1.13,False,True
2024-09-08T02:00:00,Chicago,2.02,1.13,True,True
2024-09-08T03:00:00,Chicago,1.0,1.14,True,True
2024-09-08T08:00:00,Chicago,0.95,1.11,True,False
2024-09-08T11:00:00,Chicago,0.97,1.13,True,True
2024-09-08T12:00:00,Chicago,1.05,1.13,False,True
2024-09-08T15:00:00,Chicago,1.02,0.95,True,True
2024-09-08T16:00:00,Chicago,0.99,0.93,True,False
2024-09-09T01:00:00,Chicago,1.06,1.06,True,True
2024-09-09T05:00:00,Chicago,0.94,1.07,True,True
2024-09-09T10:00:00,Chicago,0.98,0.88,True,True
2024-09-09T12:00:00,Chicago,1.03,0.86,True,True
2024-09-09T13:00:00,Chicago,1.04,1.1,True,True
2024-09-09T17:00:00,Chicago,1.07,0.96,True,True
2024-09-09T19:00:00,Chicago,1.01,1.12,True,True
2024-09-09T20:00:00,Chicago,0.96,1.11,True,True
2024-09-09T23:00:00,Chicago,0.95,0.86,True,True
2024-09-10T01:00:00,Chicago,1.22,0.96,True,False
2024-09-10T08:00:00,Chicago,0.98,0.99,True,True
2024-09-10T10:00:00,Chicago,1.02,1.1,True,True
2024-09-10T12:00:00,Chicago,1.08,0.98,True,True
2024-09-10T14:00:00,Chicago,1.01,0.95,True,True
2024-09-10T15:00:00,Chicago,0.95,1.03,True,True
2024-09-10T22:00:00,Chicago,1.05,1.37,True,True
2024-09-11T00:00:00,Chicago,1.01,1.04,True,True
2024-09-11T20:00:00,Chicago,1.05,1.13,True,True
2024-09-12T03:00:00,Chicago,1.06,1.14,True,True
2024-09-12T04:00:00,Chicago,0.97,1.08,True,True
2024-09-12T05:00:00,Chicago,1.09,1.09,True,True
2024-09-12T06:00:00,Chicago,0.96,0.98,False,True
2024-09-12T09:00:00,Chicago,0.92,1.03,True,True
2024-09-12T12:00:00,Chicago,0.95,1.0,True,True
2024-09-12T15:00:00,Chicago,1.07,1.09,True,True
2024-09-12T16:00:00,Chicago,1.68,1.15,True,True
2024-09-12T18:00:00,Chicago,1.08,1.28,True,True
2024-09-12T20:00:00,Chicago,0.9,0.95,True,True
2024-09-12T21:00:00,Chicago,0.98,0.87,True,True
2024-09-12T22:00:00,Chicago,1.19,1.0,True,True
2024-09-13T01:00:00,Chicago,1.24,2.37,False,True
2024-09-13T09:00:00,Chicago,1.12,1.41,False,True
2024-09-13T11:00:00,Chicago,1.05,1.1,True,False
2024-09-13T19:00:00,Chicago,0.94,1.65,True,True
2024-09-13T20:00:00,Chicago,1.04,0.9,True,True
2024-09-13T22:00:00,Chicago,1.07,1.04,True,True
2024-09-14T05:00:00,Chicago,1.29,1.12,True,True
2024-09-14T11:00:00,Chicago,0.96,1.01,True,True
2024-09-14T14:00:00,Chicago,1.1,0.96,True,True
2024-09-14T18:00:00,Chicago,1.24,1.3,True,True
2024-09-14T21:00:00,Chicago,0.98,1.04,True,True
2024-09-15T00:00:00,Chicago,1.32,1.07,True,True
2024-09-15T03:00:00,Chicago,0.95,0.93,True,True
2024-09-15T05:00:00,Chicago,1.0,0.92,True,True
2024-09-15T08:00:00,Chicago,1.19,1.23,True,True
2024-09-15T10:00:00,Chicago,1.04,1.04,False,True
2024-09-15T16:00:00,Chicago,1.1,0.92,True,True
2024-09-15T17:00:00,Chicago,1.69,1.02,False,True
2024-09-15T19:00:00,Chicago,1.1,0.98,True,False
2024-09-15T21:00:00,Chicago,0.99,1.06,True,True
2024-09-15T23:00:00,Chicago,0.95,0.96,True,True
2024-09-16T03:00:00,Chicago,0.93,0.89,True,True
2024-09-16T05:00:00,Chicago,0.9,0.88,True,True
2024-09-16T06:00:00,Chicago,0.98,1.04,True,False
2024-09-16T07:00:00,Chicago,1.12,0.97,True,True
2024-09-16T12:00:00,Chicago,0.91,1.09,True,True
2024-09-16T16:00:00,Chicago,1.35,1.41,True,True
2024-09-17T01:00:00,Chicago,0.92,0.9,True,True
2024-09-17T05:00:00,Chicago,0.97,0.97,True,True
2024-09-17T10:00:00,Chicago,0.93,0.93,True,False
2024-09-17T16:00:00,Chicago,0.97,0.95,True,True
2024-09-17T17:00:00,Chicago,0.95,1.15,True,True
2024-09-17T18:00:00,Chicago,1.08,1.16,True,True
2024-09-17T23:00:00,Chicago,0.92,0.96,True,True
2024-09-18T00:00:00,Chicago,1.1,1.09,True,True
2024-09-18T03:00:00,Chicago,1.07,0.86,True,True
2024-09-18T07:00:00,Chicago,1.18,1.1,True,True
2024-09-18T08:00:00,Chicago,1.0,1.15,False,True
2024-09-18T10:00:00,Chicago,0.93,1.12,True,True
2024-09-18T12:00:00,Chicago,0.96,1.02,True,False
2024-09-18T20:00:00,Chicago,1.08,1.0,True,True
2024-09-19T01:00:00,Chicago,0.91,1.01,True,True
2024-09-19T03:00:00,Chicago,0.99,1.1,True,True
2024-09-19T04:00:00,Chicago,1.06,0.9,True,False
2024-09-19T10:00:00,Chicago,1.02,0.96,True,False
2024-09-19T11:00:00,Chicago,1.29,0.89,True,True
2024-09-19T15:00:00,Chicago,0.95,1.08,True,True
2024-09-19T16:00:00,Chicago,1.02,0.97,True,False
2024-09-19T17:00:00,Chicago,1.11,1.13,True,True
2024-09-19T19:00:00,Chicago,1.24,1.03,True,True
2024-09-19T20:00:00,Chicago,1.0,1.23,True,False
2024-09-19T22:00:00,Chicago,2.22,1.35,True,True
2024-09-20T00:00:00,Chicago,0.99,1.58,True,True
2024-09-20T01:00:00,Chicago,0.94,1.12,True,True
2024-09-20T05:00:00,Chicago,1.08,1.47,True,True
2024-09-20T08:00:00,Chicago,1.03,1.02,True,True
2024-09-20T09:00:00,Chicago,1.37,0.94,True,True
2024-09-20T10:00:00,Chicago,1.03,0.93,True,True
2024-09-20T14:00:00,Chicago,0.98,0.86,True,True
2024-09-20T17:00:00,Chicago,1.57,1.68,True,False
2024-09-20T19:00:00,Chicago,1.25,0.86,True,True
2024-09-21T03:00:00,Chicago,0.96,0.99,True,True
2024-09-21T06:00:00,Chicago,1.1,1.12,True,True
2024-09-21T07:00:00,Chicago,1.09,1.0,True,True
2024-09-21T08:00:00,Chicago,1.12,0.99,True,True
2024-09-21T09:00:00,Chicago,1.07,0.96,True,True
2024-09-21T12:00:00,Chicago,0.94,1.28,True,True
2024-09-21T14:00:00,Chicago,0.94,1.05,True,True
2024-09-21T19:00:00,Chicago,0.92,0.97,True,True
2024-09-21T21:00:00,Chicago,1.06,1.04,True,True
2024-09-21T23:00:00,Chicago,0.92,1.14,True,True
2024-09-22T00:00:00,Chicago,1.03,1.12,True,True
2024-09-22T05:00:00,Chicago,0.93,0.88,True,True
2024-09-22T06:00:00,Chicago,0.93,1.08,True,True
2024-09-22T09:00:00,Chicago,1.25,1.14,True,True
2024-09-22T13:00:00,Chicago,1.08,0.89,True,True
2024-09-22T17:00:00,Chicago,0.99,2.02,True,True
2024-09-22T21:00:00,Chicago,1.04,1.12,True,True
2024-09-23T00:00:00,Chicago,1.64,1.14,True,True
2024-09-23T01:00:00,Chicago,0.93,1.0,True,True
2024-09-23T02:00:00,Chicago,1.58,1.67,True,True
2024-09-23T03:00:00,Chicago,0.9,0.94,True,False
2024-09-23T04:00:00,Chicago,0.99,1.04,True,True
2024-09-23T07:00:00,Chicago,1.1,0.97,True,True
2024-09-23T11:00:00,Chicago,1.05,1.11,True,True
2024-09-23T15:00:00,Chicago,0.98,1.14,True,True
2024-09-23T16:00:00,Chicago,1.05,1.25,False,True
2024-09-23T17:00:00,Chicago,1.05,0.98,True,True
2024-09-23T19:00:00,Chicago,1.0,0.98,True,True
2024-09-23T20:00:00,Chicago,0.9,1.04,True,True
2024-09-24T07:00:00,Chicago,1.09,1.15,True,True
2024-09-24T09:00:00,Chicago,1.67,1.16,True,True
2024-09-24T15:00:00,Chicago,1.01,1.04,True,True
2024-09-24T19:00:00,Chicago,1.43,1.73,True,True
2024-09-24T21:00:00,Chicago,0.97,0.97,True,True
2024-09-25T00:00:00,Chicago,0.94,0.94,True,True
2024-09-25T02:00:00,Chicago,1.04,0.92,True,True
2024-09-25T03:00:00,Chicago,1.0,0.91,True,True
2024-09-25T07:00:00,Chicago,0.96,0.91,True,False
2024-09-25T11:00:00,Chicago,1.0,1.04,True,False
2024-09-25T20:00:00,Chicago,0.91,0.88,True,False
2024-09-25T22:00:00,Chicago,0.99,1.04,True,True
2024-09-26T00:00:00,Chicago,0.95,0.92,True,True
2024-09-26T04:00:00,Chicago,1.08,0.93,True,True
2024-09-26T07:00:00,Chicago,1.01,0.98,True,True
2024-09-26T08:00:00,Chicago,0.9,0.97,True,True
2024-09-26T13:00:00,Chicago,0.93,1.07,True,True
2024-09-26T15:00:00,Chicago,1.03,1.36,True,True
2024-09-26T16:00:00,Chicago,1.11,0.93,True,True
2024-09-26T17:00:00,Chicago,1.02,0.95,True,True
2024-09-26T19:00:00,Chicago,0.9,0.86,True,True
2024-09-27T00:00:00,Chicago,0.93,1.1,True,True
2024-09-27T01:00:00,Chicago,1.0,1.06,True,True
2024-09-27T03:00:00,Chicago,0.99,1.02,True,True
2024-09-27T08:00:00,Chicago,1.24,0.86,True,True
2024-09-27T09:00:00,Chicago,1.04,0.9,True,True
2024-09-27T11:00:00,Chicago,1.05,0.99,True,False
2024-09-27T14:00:00,Chicago,0.95,0.89,True,True
2024-09-27T18:00:00,Chicago,1.04,1.16,True,True
2024-09-27T19:00:00,Chicago,1.08,1.12,True,False
2024-09-28T02:00:00,Chicago,1.2,1.04,True,False
2024-09-28T04:00:00,Chicago,1.03,1.62,False,True
2024-09-28T07:00:00,Chicago,0.95,1.0,True,True
2024-09-28T15:00:00,Chicago,1.07,1.12,True,True
2024-09-28T16:00:00,Chicago,0.99,0.94,True,True
2024-09-28T17:00:00,Chicago,1.41,0.95,True,True
2024-09-28T19:00:00,Chicago,0.96,1.06,True,True
2024-09-28T23:00:00,Chicago,1.03,0.99,True,True
2024-09-29T11:00:00,Chicago,0.93,0.96,True,True
2024-09-29T22:00:00,Chicago,1.0,0.88,True,True
2024-09-30T01:00:00,Chicago,1.0,0.85,True,True
2024-09-30T02:00:00,Chicago,0.97,0.95,True,True
2024-09-30T09:00:00,Chicago,0.96,1.13,True,False
2024-09-30T12:00:00,Chicago,1.08,0.98,True,True
2024-09-30T16:00:00,Chicago,1.07,1.13,True,False
2024-09-30T21:00:00,Chicago,0.95,1.05,True,True
2024-09-30T23:00:00,Chicago,1.02,1.36,True,True
2024-10-01T11:00:00,Chicago,1.02,1.01,False,True
2024-10-01T16:00:00,Chicago,1.14,1.19,True,True
2024-10-01T18:00:00,Chicago,1.2,1.22,True,True
2024-10-01T21:00:00,Chicago,0.94,0.98,True,True
2024-10-01T23:00:00,Chicago,0.92,0.86,True,True
2024-10-02T01:00:00,Chicago,1.31,0.86,True,True
2024-10-02T03:00:00,Chicago,0.93,1.07,True,True
2024-10-02T04:00:00,Chicago,1.02,1.26,True,True
2024-10-02T07:00:00,Chicago,0.94,1.24,True,True
2024-10-02T09:00:00,Chicago,2.43,1.07,True,True
2024-10-02T15:00:00,Chicago,1.01,1.12,True,True
2024-10-02T16:00:00,Chicago,1.08,1.13,True,True
2024-10-02T17:00:00,Chicago,1.13,1.02,True,False
2024-10-02T18:00:00,Chicago,1.06,0.98,True,True
2024-10-02T20:00:00,Chicago,0.93,0.99,False,True
2024-10-02T21:00:00,Chicago,1.02,1.05,True,True
2024-10-03T02:00:00,Chicago,1.09,0.92,True,True
2024-10-03T07:00:00,Chicago,0.95,0.86,True,True
2024-10-03T10:00:00,Chicago,1.76,1.05,True,True
2024-10-03T22:00:00,Chicago,1.09,0.93,True,True
2024-10-04T00:00:00,Chicago,1.01,1.34,True,True
2024-10-04T05:00:00,Chicago,1.06,0.91,True,True
2024-10-04T08:00:00,Chicago,0.98,1.13,True,True
2024-10-04T10:00:00,Chicago,0.95,0.87,True,True
2024-10-04T14:00:00,Chicago,1.03,0.96,True,True
2024-10-04T18:00:00,Chicago,2.5,0.92,True,True
2024-10-04T22:00:00,Chicago,1.62,1.15,True,True
2024-10-04T23:00:00,Chicago,1.92,0.95,False,True
2024-10-05T03:00:00,Chicago,1.92,1.05,False,True
2024-10-05T07:00:00,Chicago,1.14,1.4,True,True
2024-10-05T10:00:00,Chicago,1.05,0.89,True,True
2024-10-05T16:00:00,Chicago,1.35,0.99,True,True
2024-10-05T18:00:00,Chicago,1.08,0.91,True,True
2024-10-06T02:00:00,Chicago,1.08,2.18,True,True
2024-10-06T05:00:00,Chicago,1.01,0.98,True,True
2024-10-06T06:00:00,Chicago,1.09,1.09,True,True
2024-10-06T07:00:00,Chicago,1.09,0.87,True,False
2024-10-06T08:00:00,Chicago,1.01,1.05,True,True
2024-10-06T09:00:00,Chicago,0.95,0.94,True,True
2024-10-06T15:00:00,Chicago,0.92,0.98,True,True
2024-10-06T17:00:00,Chicago,1.46,1.12,True,True
2024-10-06T18:00:00,Chicago,1.51,1.13,True,True
2024-10-07T00:00:00,Chicago,2.47,1.12,True,True
2024-10-07T01:00:00,Chicago,0.91,1.05,False,True
2024-10-07T04:00:00,Chicago,1.09,1.1,True,False
2024-10-07T06:00:00,Chicago,0.92,1.07,True,True
2024-10-07T11:00:00,Chicago,0.96,1.07,True,True
2024-10-07T15:00:00,Chicago,0.99,1.13,True,False
2024-10-07T23:00:00,Chicago,0.98,0.9,True,True
2024-10-08T01:00:00,Chicago,1.06,1.06,True,False
2024-10-08T02:00:00,Chicago,0.91,0.93,True,True
2024-10-08T03:00:00,Chicago,0.98,1.09,True,True
2024-10-08T07:00:00,Chicago,1.12,1.59,True,True
2024-10-08T08:00:00,Chicago,1.01,1.16,True,False
2024-10-08T09:00:00,Chicago,1.03,1.15,False,True
2024-10-08T14:00:00,Chicago,0.95,1.05,True,True
2024-10-08T22:00:00,Chicago,1.08,0.91,True,True
2024-10-09T09:00:00,Chicago,0.98,0.91,True,False
2024-10-09T12:00:00,Chicago,1.07,0.98,True,True
2024-10-09T20:00:00,Chicago,0.94,1.07,False,True
2024-10-09T23:00:00,Chicago,0.93,0.86,True,True
2024-10-10T00:00:00,Chicago,0.91,1.15,True,True
2024-10-10T04:00:00,Chicago,2.5,0.88,True,True
2024-10-10T08:00:00,Chicago,1.07,0.89,True,True
2024-10-10T18:00:00,Chicago,0.98,1.37,True,True
2024-10-10T21:00:00,Chicago,1.03,0.98,True,True
2024-10-10T23:00:00,Chicago,1.06,1.23,True,True
2024-10-11T02:00:00,Chicago,1.41,1.03,True,False
2024-10-11T06:00:00,Chicago,0.94,0.97,True,True
2024-10-11T08:00:00,Chicago,1.09,1.1,True,True
2024-10-11T10:00:00,Chicago,0.96,0.87,False,True
2024-10-11T13:00:00,Chicago,1.08,1.39,True,True
2024-10-11T14:00:00,Chicago,0.99,1.12,True,True
2024-10-11T15:00:00,Chicago,0.97,1.15,False,True
2024-10-11T16:00:00,Chicago,1.04,0.91,True,True
2024-10-11T23:00:00,Chicago,1.21,1.11,True,True
2024-10-12T00:00:00,Chicago,1.11,0.96,True,False
2024-10-12T01:00:00,Chicago,1.23,1.03,True,False
2024-10-12T08:00:00,Chicago,1.01,1.11,True,True
2024-10-12T19:00:00,Chicago,2.32,1.26,True,True
2024-10-12T20:00:00,Chicago,0.92,1.02,True,True
2024-10-13T02:00:00,Chicago,1.09,1.13,True,True
2024-10-13T15:00:00,Chicago,1.09,0.93,True,False
2024-10-13T20:00:00,Chicago,1.02,1.11,True,True
2024-10-14T08:00:00,Chicago,2.5,1.52,True,True
2024-10-14T12:00:00,Chicago,1.06,1.03,True,True
2024-10-14T13:00:00,Chicago,0.93,1.09,False,True
2024-10-14T17:00:00,Chicago,1.02,1.17,True,True
2024-10-14T19:00:00,Chicago,1.24,1.33,True,True
2024-10-15T02:00:00,Chicago,1.02,0.92,True,False
2024-10-15T04:00:00,Chicago,1.06,1.25,True,True
2024-10-15T05:00:00,Chicago,1.07,1.15,True,True
2024-10-15T22:00:00,Chicago,1.0,0.95,True,True
2024-10-16T01:00:00,Chicago,0.93,0.86,True,True
2024-10-16T03:00:00,Chicago,1.03,1.46,True,True
2024-10-16T04:00:00,Chicago,0.99,1.11,True,True
2024-10-16T05:00:00,Chicago,0.99,1.09,True,True
2024-10-16T06:00:00,Chicago,1.08,0.94,True,True
2024-10-16T10:00:00,Chicago,1.12,1.14,True,True
2024-10-16T13:00:00,Chicago,0.94,0.86,True,True
2024-10-16T15:00:00,Chicago,0.94,1.06,True,True
2024-10-16T17:00:00,Chicago,0.99,0.89,True,True
2024-10-16T19:00:00,Chicago,1.42,1.1,True,True
2024-10-16T22:00:00,Chicago,1.1,1.03,True,True
2024-10-16T23:00:00,Chicago,1.08,1.09,True,True
2024-10-17T01:00:00,Chicago,1.02,1.13,True,True
2024-10-17T09:00:00,Chicago,1.27,1.14,True,True
2024-10-17T11:00:00,Chicago,1.05,1.03,True,True
2024-10-17T18:00:00,Chicago,1.68,1.05,True,False
2024-10-17T20:00:00,Chicago,1.03,0.87,True,False
2024-10-17T22:00:00,Chicago,0.93,1.14,True,True
2024-10-18T01:00:00,Chicago,0.96,1.06,True,True
2024-10-18T03:00:00,Chicago,0.95,0.92,True,True
2024-10-18T19:00:00,Chicago,0.95,1.03,True,True
2024-10-19T01:00:00,Chicago,1.04,1.15,True,False
2024-10-19T03:00:00,Chicago,1.09,0.97,False,False
2024-10-19T05:00:00,Chicago,1.01,0.92,True,True
2024-10-19T06:00:00,Chicago,1.05,1.04,False,False
2024-10-19T07:00:00,Chicago,1.1,1.17,True,True
2024-10-19T08:00:00,Chicago,2.06,1.11,True,True
2024-10-19T09:00:00,Chicago,0.97,0.85,False,True
2024-10-19T10:00:00,Chicago,0.93,1.07,True,True
2024-10-19T12:00:00,Chicago,1.01,0.86,True,True
2024-10-19T18:00:00,Chicago,1.27,1.38,False,False
2024-10-19T19:00:00,Chicago,0.92,1.03,True,True
2024-10-19T21:00:00,Chicago,1.22,0.89,True,True
2024-10-20T01:00:00,Chicago,1.02,1.12,True,True
2024-10-20T03:00:00,Chicago,1.0,1.1,True,True
2024-10-20T06:00:00,Chicago,1.07,1.07,True,True
2024-10-20T07:00:00,Chicago,1.7,0.92,True,True
2024-10-20T08:00:00,Chicago,1.75,1.33,True,True
2024-10-20T09:00:00,Chicago,1.18,0.87,True,True
2024-10-20T10:00:00,Chicago,1.08,0.86,True,True
2024-10-20T17:00:00,Chicago,1.31,0.93,True,True
2024-10-20T19:00:00,Chicago,1.06,0.91,False,True
2024-10-20T23:00:00,Chicago,1.02,1.07,True,True
2024-10-21T03:00:00,Chicago,1.82,0.9,True,True
2024-10-21T06:00:00,Chicago,1.0,0.92,True,True
2024-10-21T09:00:00,Chicago,1.07,1.23,True,True
2024-10-21T15:00:00,Chicago,0.99,0.95,True,True
2024-10-21T19:00:00,Chicago,1.29,1.83,True,True
2024-10-22T03:00:00,Chicago,1.09,1.09,True,True
2024-10-22T06:00:00,Chicago,0.95,0.96,True,True
2024-10-22T10:00:00,Chicago,1.04,1.39,True,True
2024-10-22T11:00:00,Chicago,0.96,1.1,True,True
2024-10-22T13:00:00,Chicago,1.01,0.9,True,True
2024-10-22T14:00:00,Chicago,1.06,1.05,True,True
2024-10-22T15:00:00,Chicago,0.97,1.12,True,True
2024-10-22T16:00:00,Chicago,1.1,1.58,True,True
2024-10-22T21:00:00,Chicago,0.96,0.91,True,True
2024-10-22T23:00:00,Chicago,0.9,2.03,True,True
2024-10-23T01:00:00,Chicago,1.42,1.54,True,False
2024-10-23T02:00:00,Chicago,0.98,0.96,True,True
2024-10-23T05:00:00,Chicago,0.99,1.1,True,True
2024-10-23T16:00:00,Chicago,1.21,0.98,True,True
2024-10-23T21:00:00,Chicago,0.95,0.92,True,True
2024-10-23T22:00:00,Chicago,1.06,1.07,True,True
2024-10-23T23:00:00,Chicago,1.09,1.13,True,True
2024-10-24T00:00:00,Chicago,1.4,0.92,True,True
2024-10-24T01:00:00,Chicago,0.96,1.09,True,True
2024-10-24T03:00:00,Chicago,0.97,0.92,False,False
2024-10-24T05:00:00,Chicago,1.1,0.98,True,True
2024-10-24T09:00:00,Chicago,0.98,0.99,True,True
2024-10-24T11:00:00,Chicago,1.44,1.09,True,True
2024-10-24T19:00:00,Chicago,1.09,1.2,True,True
2024-10-25T02:00:00,Chicago,1.35,1.34,True,True
2024-10-25T04:00:00,Chicago,1.01,0.94,True,True
2024-10-25T08:00:00,Chicago,0.96,0.9,True,True
2024-10-25T12:00:00,Chicago,0.91,0.86,True,False
2024-10-25T19:00:00,Chicago,1.05,1.63,True,True
2024-10-25T20:00:00,Chicago,0.96,0.88,True,True
2024-10-25T23:00:00,Chicago,1.07,0.98,True,True
2024-10-26T03:00:00,Chicago,0.97,0.85,True,False
2024-10-26T04:00:00,Chicago,1.02,1.1,True,True
2024-10-26T06:00:00,Chicago,0.99,0.88,True,False
2024-10-26T11:00:00,Chicago,0.96,0.95,False,True
2024-10-26T12:00:00,Chicago,1.0,0.93,True,False
2024-10-26T14:00:00,Chicago,0.91,1.11,True,True
2024-10-27T05:00:00,Chicago,0.99,1.07,True,True
2024-10-27T06:00:00,Chicago,1.02,0.87,True,False
2024-10-27T07:00:00,Chicago,1.03,1.29,True,True
2024-10-27T08:00:00,Chicago,1.03,1.16,True,False
2024-10-27T16:00:00,Chicago,1.38,1.2,True,True
2024-10-27T19:00:00,Chicago,1.24,1.07,False,True
2024-10-27T20:00:00,Chicago,1.0,1.09,True,True
2024-10-28T05:00:00,Chicago,0.96,0.99,True,True
2024-10-28T06:00:00,Chicago,0.95,1.37,True,True
2024-10-28T07:00:00,Chicago,1.09,1.24,True,False
2024-10-28T18:00:00,Chicago,0.97,1.02,True,False
2024-10-28T21:00:00,Chicago,0.99,0.86,True,True
2024-10-28T23:00:00,Chicago,1.62,0.94,True,True
2024-10-29T04:00:00,Chicago,0.99,1.01,True,True
2024-10-29T06:00:00,Chicago,1.1,1.03,True,True
2024-10-29T07:00:00,Chicago,1.76,0.92,True,False
2024-10-29T09:00:00,Chicago,2.3,1.1,True,True
2024-10-29T13:00:00,Chicago,1.02,1.05,True,True
2024-10-29T16:00:00,Chicago,1.0,0.96,True,True
2024-10-29T18:00:00,Chicago,1.25,1.11,True,True
2024-10-30T07:00:00,Chicago,1.77,1.14,True,False
2024-10-30T08:00:00,Chicago,1.01,0.92,True,True
2024-10-30T09:00:00,Chicago,1.27,1.22,True,True
2024-10-30T13:00:00,Chicago,1.07,1.58,True,True
2024-10-30T17:00:00,Chicago,0.91,1.0,False,True
2024-10-30T18:00:00,Chicago,1.05,0.88,True,True
2024-10-30T19:00:00,Chicago,0.96,1.13,True,True
2024-10-30T22:00:00,Chicago,0.91,0.98,True,True
2024-10-31T04:00:00,Chicago,1.03,1.1,False,True
2024-10-31T08:00:00,Chicago,0.93,1.01,True,True
2024-10-31T12:00:00,Chicago,0.92,1.11,True,True
2024-10-31T14:00:00,Chicago,1.02,1.56,True,False
2024-10-31T15:00:00,Chicago,0.92,0.95,False,True
2024-10-31T18:00:00,Chicago,1.71,1.33,True,True
2024-10-31T20:00:00,Chicago,1.48,1.47,True,True
2024-10-31T21:00:00,Chicago,1.07,1.07,True,True
2024-11-01T01:00:00,Chicago,0.92,0.93,True,True
2024-11-01T03:00:00,Chicago,0.98,0.98,True,True
2024-11-01T06:00:00,Chicago,1.06,1.26,True,True
2024-11-01T10:00:00,Chicago,0.98,1.05,True,False
2024-11-01T15:00:00,Chicago,1.03,0.91,True,True
2024-11-01T16:00:00,Chicago,1.17,1.03,True,True
2024-11-01T21:00:00,Chicago,1.08,1.56,True,True
2024-11-02T06:00:00,Chicago,0.93,0.99,True,True
2024-11-02T08:00:00,Chicago,1.06,1.29,True,True
2024-11-02T10:00:00,Chicago,1.03,0.99,True,False
2024-11-02T11:00:00,Chicago,1.53,0.86,True,True
2024-11-02T15:00:00,Chicago,0.97,0.86,True,True
2024-11-02T16:00:00,Chicago,1.04,1.35,True,True
2024-11-02T20:00:00,Chicago,1.0,0.94,False,True
2024-11-02T23:00:00,Chicago,1.08,0.97,True,True
2024-11-03T01:00:00,Chicago,0.94,1.07,True,True
2024-11-03T02:00:00,Chicago,0.91,1.22,True,True
2024-11-03T04:00:00,Chicago,0.95,1.17,True,True
2024-11-03T15:00:00,Chicago,1.08,0.93,True,True
2024-11-03T17:00:00,Chicago,1.14,1.26,False,True
2024-11-03T19:00:00,Chicago,1.09,0.92,True,True
2024-11-03T20:00:00,Chicago,0.92,1.12,True,True
2024-11-03T21:00:00,Chicago,0.99,0.86,True,True
2024-11-04T00:00:00,Chicago,1.06,0.96,True,True
2024-11-04T01:00:00,Chicago,0.96,1.08,True,True
2024-11-04T03:00:00,Chicago,0.95,1.15,False,True
2024-11-04T05:00:00,Chicago,1.0,1.15,True,True
2024-11-04T10:00:00,Chicago,1.02,1.11,False,True
2024-11-04T12:00:00,Chicago,1.09,1.04,False,True
2024-11-04T15:00:00,Chicago,0.93,1.04,True,True
2024-11-04T18:00:00,Chicago,1.18,0.89,True,True
2024-11-04T20:00:00,Chicago,1.08,1.02,True,True
2024-11-04T22:00:00,Chicago,1.04,1.12,True,True
2024-11-05T01:00:00,Chicago,1.77,0.96,True,True
2024-11-05T05:00:00,Chicago,1.0,0.88,True,True
2024-11-05T06:00:00,Chicago,0.91,1.05,True,True
2024-11-05T11:00:00,Chicago,0.98,0.93,False,True
2024-11-05T12:00:00,Chicago,1.01,1.15,True,False
2024-11-05T18:00:00,Chicago,1.09,1.15,True,True
2024-11-05T23:00:00,Chicago,1.43,1.07,True,False
2024-11-06T03:00:00,Chicago,1.02,0.9,False,True
2024-11-06T04:00:00,Chicago,0.95,0.99,True,True
2024-11-06T06:00:00,Chicago,1.05,1.11,True,True
2024-11-06T07:00:00,Chicago,1.09,1.19,True,False
2024-11-06T09:00:00,Chicago,1.03,1.15,True,True
2024-11-06T19:00:00,Chicago,1.02,1.05,False,True
2024-11-06T20:00:00,Chicago,0.94,0.92,True,True
2024-11-06T22:00:00,Chicago,1.5,1.13,True,True
2024-11-07T04:00:00,Chicago,0.92,0.94,True,True
2024-11-07T07:00:00,Chicago,0.92,1.07,True,True
2024-11-07T08:00:00,Chicago,1.45,1.14,True,False
2024-11-07T12:00:00,Chicago,1.0,0.9,True,True
2024-11-07T14:00:00,Chicago,1.05,1.05,False,False
2024-11-07T17:00:00,Chicago,2.49,1.05,True,False
2024-11-07T20:00:00,Chicago,1.0,0.85,True,True
2024-11-08T00:00:00,Chicago,1.1,0.91,True,True
2024-11-08T02:00:00,Chicago,1.02,1.1,True,False
2024-11-08T05:00:00,Chicago,0.95,0.87,True,True
2024-11-08T09:00:00,Chicago,1.48,1.05,True,True
2024-11-08T10:00:00,Chicago,0.95,1.12,True,True
2024-11-08T11:00:00,Chicago,0.94,0.93,True,True
2024-11-08T13:00:00,Chicago,1.08,0.97,True,True
2024-11-08T14:00:00,Chicago,0.99,1.29,True,True
2024-11-08T15:00:00,Chicago,1.01,0.98,True,True
2024-11-08T17:00:00,Chicago,1.01,0.93,True,False
2024-11-08T21:00:00,Chicago,1.09,0.99,True,True
2024-11-09T00:00:00,Chicago,1.78,1.37,True,True
2024-11-09T05:00:00,Chicago,1.01,0.87,True,True
2024-11-09T06:00:00,Chicago,0.93,0.87,True,True
2024-11-09T07:00:00,Chicago,1.13,0.96,True,True
2024-11-09T10:00:00,Chicago,1.09,1.09,True,True
2024-11-09T20:00:00,Chicago,1.44,1.03,True,True
2024-11-10T00:00:00,Chicago,0.98,1.41,True,True
2024-11-10T01:00:00,Chicago,0.95,1.03,True,False
2024-11-10T05:00:00,Chicago,0.99,1.07,True,True
2024-11-10T15:00:00,Chicago,1.03,0.88,True,True
2024-11-10T16:00:00,Chicago,1.02,1.26,True,True
2024-11-10T20:00:00,Chicago,0.98,1.07,True,True
2024-11-11T00:00:00,Chicago,1.09,1.5,True,True
2024-11-11T03:00:00,Chicago,1.0,0.87,True,True
2024-11-11T04:00:00,Chicago,1.02,0.86,True,False
2024-11-11T08:00:00,Chicago,1.07,1.08,True,True
2024-11-11T11:00:00,Chicago,0.96,0.97,True,True
2024-11-11T12:00:00,Chicago,1.0,0.96,True,True
2024-11-11T13:00:00,Chicago,1.01,1.07,True,True
2024-11-11T18:00:00,Chicago,1.15,0.89,True,True
2024-11-11T22:00:00,Chicago,1.08,0.87,True,True
2024-11-12T04:00:00,Chicago,1.51,1.11,True,True
2024-11-12T05:00:00,Chicago,1.05,1.02,True,True
2024-11-12T07:00:00,Chicago,1.5,2.5,False,False
2024-11-12T08:00:00,Chicago,1.3,1.12,True,True
2024-11-12T17:00:00,Chicago,1.03,1.18,True,True
2024-11-12T18:00:00,Chicago,0.97,2.0,True,True
2024-11-12T21:00:00,Chicago,0.97,1.08,True,True
2024-11-13T03:00:00,Chicago,1.1,1.07,True,False
2024-11-13T09:00:00,Chicago,1.19,1.69,True,True
2024-11-13T10:00:00,Chicago,1.04,1.0,True,True
2024-11-13T12:00:00,Chicago,0.98,1.0,True,True
2024-11-13T13:00:00,Chicago,0.93,1.06,True,True
2024-11-13T18:00:00,Chicago,1.04,1.12,True,True
2024-11-14T00:00:00,Chicago,0.97,1.85,True,True
2024-11-14T01:00:00,Chicago,1.06,1.09,True,True
2024-11-14T02:00:00,Chicago,1.01,1.07,True,True
2024-11-14T03:00:00,Chicago,1.01,0.93,False,True
2024-11-14T08:00:00,Chicago,0.92,1.07,False,True
2024-11-14T11:00:00,Chicago,1.43,1.0,True,True
2024-11-14T17:00:00,Chicago,1.31,1.6,True,True
2024-11-14T18:00:00,Chicago,1.01,1.12,True,False
2024-11-14T21:00:00,Chicago,0.99,1.13,True,True
2024-11-15T07:00:00,Chicago,1.06,1.0,False,False
2024-11-15T12:00:00,Chicago,0.91,1.01,True,False
2024-11-15T14:00:00,Chicago,1.09,0.9,True,True
2024-11-15T17:00:00,Chicago,1.03,0.99,True,True
2024-11-15T18:00:00,Chicago,1.14,1.43,True,False
2024-11-16T00:00:00,Chicago,0.98,1.3,True,False
2024-11-16T03:00:00,Chicago,0.99,0.85,True,True
2024-11-16T04:00:00,Chicago,0.91,1.08,True,True
2024-11-16T05:00:00,Chicago,1.06,1.0,True,True
2024-11-16T09:00:00,Chicago,1.23,0.9,True,True
2024-11-16T10:00:00,Chicago,1.01,1.03,True,True
2024-11-16T11:00:00,Chicago,1.0,0.89,True,True
2024-11-16T12:00:00,Chicago,1.09,0.86,False,True
2024-11-16T14:00:00,Chicago,0.99,0.99,True,True
2024-11-16T19:00:00,Chicago,1.79,1.01,True,True
2024-11-17T01:00:00,Chicago,1.35,0.86,True,False
2024-11-17T07:00:00,Chicago,0.95,1.24,True,True
2024-11-17T09:00:00,Chicago,1.06,1.25,True,True
2024-11-17T11:00:00,Chicago,1.03,1.03,True,True
2024-11-17T13:00:00,Chicago,0.94,1.03,True,False
2024-11-17T15:00:00,Chicago,1.37,0.99,True,True
2024-11-17T16:00:00,Chicago,1.39,1.08,True,True
2024-11-17T17:00:00,Chicago,0.97,1.39,True,True
2024-11-17T19:00:00,Chicago,1.05,0.88,True,True
2024-11-18T01:00:00,Chicago,0.91,1.02,True,True
2024-11-18T02:00:00,Chicago,1.01,0.86,True,True
2024-11-18T03:00:00,Chicago,1.03,0.94,True,True
2024-11-18T04:00:00,Chicago,1.01,0.9,True,False
2024-11-18T07:00:00,Chicago,1.41,1.25,True,True
2024-11-18T09:00:00,Chicago,1.08,1.02,True,True
2024-11-18T10:00:00,Chicago,0.92,0.86,True,True
2024-11-18T12:00:00,Chicago,1.03,0.9,True,False
2024-11-18T18:00:00,Chicago,1.39,0.98,True,True
2024-11-19T04:00:00,Chicago,0.97,0.95,True,False
2024-11-19T06:00:00,Chicago,0.97,0.96,True,True
2024-11-19T09:00:00,Chicago,1.06,1.2,True,False
2024-11-19T11:00:00,Chicago,1.05,0.94,True,True
2024-11-19T17:00:00,Chicago,1.32,1.31,True,True
2024-11-19T21:00:00,Chicago,0.99,0.92,True,True
2024-11-19T23:00:00,Chicago,1.0,0.93,True,True
2024-11-20T05:00:00,Chicago,0.94,1.09,True,True
2024-11-20T08:00:00,Chicago,1.35,1.65,True,True
2024-11-20T12:00:00,Chicago,1.05,1.0,True,True
2024-11-20T15:00:00,Chicago,1.1,1.12,True,True
2024-11-20T21:00:00,Chicago,1.0,0.87,True,False
2024-11-21T02:00:00,Chicago,1.06,1.1,True,True
2024-11-21T08:00:00,Chicago,1.6,1.73,True,True
2024-11-21T15:00:00,Chicago,1.04,0.97,True,False
2024-11-21T18:00:00,Chicago,0.91,1.52,True,True
2024-11-21T20:00:00,Chicago,1.07,0.86,True,True
2024-11-21T23:00:00,Chicago,0.97,0.89,True,True
2024-11-22T00:00:00,Chicago,1.1,1.15,False,True
2024-11-22T02:00:00,Chicago,1.27,0.96,True,True
2024-11-22T15:00:00,Chicago,1.08,1.37,True,True
2024-11-22T17:00:00,Chicago,0.96,1.74,True,True
2024-11-22T22:00:00,Chicago,1.04,0.99,False,True
2024-11-22T23:00:00,Chicago,1.15,1.09,True,True
2024-11-23T16:00:00,Chicago,1.07,1.12,True,True
2024-11-23T17:00:00,Chicago,1.61,1.2,True,True
2024-11-23T23:00:00,Chicago,1.07,1.06,True,False
2024-11-24T05:00:00,Chicago,1.02,1.05,True,True
2024-11-24T07:00:00,Chicago,1.33,0.9,True,False
2024-11-24T08:00:00,Chicago,0.96,1.02,True,True
2024-11-24T09:00:00,Chicago,1.09,1.08,True,True
2024-11-24T14:00:00,Chicago,1.07,1.1,True,False
2024-11-24T16:00:00,Chicago,1.06,0.99,True,True
2024-11-24T17:00:00,Chicago,1.32,1.08,True,True
2024-11-24T20:00:00,Chicago,1.09,1.13,True,True
2024-11-24T23:00:00,Chicago,1.1,0.98,True,True
2024-11-25T01:00:00,Chicago,1.12,1.3,True,True
2024-11-25T02:00:00,Chicago,2.5,0.87,False,False
2024-11-25T05:00:00,Chicago,0.93,1.05,True,True
2024-11-25T08:00:00,Chicago,1.54,1.35,True,True
2024-11-25T09:00:00,Chicago,2.5,2.18,True,True
2024-11-25T15:00:00,Chicago,1.07,0.96,True,True
2024-11-25T17:00:00,Chicago,1.33,1.09,True,True
2024-11-25T19:00:00,Chicago,1.27,1.17,True,True
2024-11-25T21:00:00,Chicago,1.05,1.55,True,True
2024-11-26T02:00:00,Chicago,1.06,1.13,True,True
2024-11-26T03:00:00,Chicago,1.14,1.05,True,True
2024-11-26T06:00:00,Chicago,1.03,0.88,True,True
2024-11-26T07:00:00,Chicago,1.25,1.22,True,True
2024-11-26T15:00:00,Chicago,1.01,1.07,True,True
2024-11-26T17:00:00,Chicago,2.11,1.08,False,False
2024-11-26T21:00:00,Chicago,1.05,1.12,True,True
2024-11-26T22:00:00,Chicago,1.14,0.92,True,True
2024-11-27T01:00:00,Chicago,1.02,1.16,True,True
2024-11-27T11:00:00,Chicago,0.99,0.89,True,True
2024-11-27T15:00:00,Chicago,0.91,1.0,True,True
2024-11-27T16:00:00,Chicago,0.99,1.2,True,True
2024-11-27T18:00:00,Chicago,0.92,1.04,True,True
2024-11-28T00:00:00,Chicago,0.97,1.06,True,True
2024-11-28T03:00:00,Chicago,1.1,1.07,True,True
2024-11-28T06:00:00,Chicago,1.04,1.1,True,True
2024-11-28T13:00:00,Chicago,1.1,0.85,True,False
2024-11-28T14:00:00,Chicago,0.98,1.01,True,True
2024-11-29T01:00:00,Chicago,1.03,1.15,True,True
2024-11-29T07:00:00,Chicago,1.08,0.95,True,True
2024-11-29T09:00:00,Chicago,0.93,1.1,True,True
2024-11-29T10:00:00,Chicago,1.0,1.09,True,True
2024-11-29T12:00:00,Chicago,0.97,0.89,True,True
2024-11-30T04:00:00,Chicago,1.07,1.12,True,True
2024-11-30T10:00:00,Chicago,0.9,0.99,True,True
2024-11-30T11:00:00,Chicago,1.17,0.86,False,True
2024-11-30T13:00:00,Chicago,0.97,0.97,True,True
2024-11-30T17:00:00,Chicago,1.7,0.92,True,True
2024-11-30T18:00:00,Chicago,0.94,1.29,True,True
2024-12-01T01:00:00,Chicago,1.55,0.92,True,True
2024-12-01T02:00:00,Chicago,0.99,0.99,True,True
2024-12-01T07:00:00,Chicago,1.06,1.03,True,True
2024-12-01T11:00:00,Chicago,0.99,1.1,False,True
2024-12-01T21:00:00,Chicago,1.07,1.11,True,False
2024-12-02T01:00:00,Chicago,1.01,1.08,True,True
2024-12-02T02:00:00,Chicago,1.03,1.04,True,True
2024-12-02T05:00:00,Chicago,0.9,1.01,True,True
2024-12-02T13:00:00,Chicago,1.07,0.99,True,True
2024-12-02T16:00:00,Chicago,1.28,1.02,True,False
2024-12-02T19:00:00,Chicago,1.02,1.49,True,True
2024-12-02T21:00:00,Chicago,1.0,0.92,True,True
2024-12-02T22:00:00,Chicago,1.07,1.0,True,True
2024-12-03T00:00:00,Chicago,0.98,1.34,True,False
2024-12-03T02:00:00,Chicago,1.11,1.32,True,True
2024-12-03T04:00:00,Chicago,1.08,1.03,True,True
2024-12-03T09:00:00,Chicago,1.08,1.22,True,False
2024-12-03T12:00:00,Chicago,1.0,0.87,True,True
2024-12-03T15:00:00,Chicago,1.06,1.06,True,True
2024-12-03T19:00:00,Chicago,0.94,1.01,True,True
2024-12-03T23:00:00,Chicago,1.38,1.42,True,True
2024-12-04T00:00:00,Chicago,1.08,1.01,True,True
2024-12-04T01:00:00,Chicago,1.45,1.01,True,True
2024-12-04T02:00:00,Chicago,0.96,1.1,True,True
2024-12-04T03:00:00,Chicago,0.98,0.99,True,True
2024-12-04T06:00:00,Chicago,1.0,0.96,True,True
2024-12-04T11:00:00,Chicago,1.08,1.14,True,True
2024-12-04T19:00:00,Chicago,1.12,1.03,True,True
2024-12-04T21:00:00,Chicago,0.95,1.12,True,True
2024-12-04T22:00:00,Chicago,1.11,1.08,True,False
2024-12-05T02:00:00,Chicago,1.17,1.25,True,True
2024-12-05T07:00:00,Chicago,1.0,1.25,True,True
2024-12-05T10:00:00,Chicago,0.98,1.13,True,False
2024-12-05T11:00:00,Chicago,1.09,1.0,True,True
2024-12-05T12:00:00,Chicago,0.93,0.95,True,True
2024-12-05T17:00:00,Chicago,1.03,1.03,True,True
2024-12-05T21:00:00,Chicago,0.95,1.09,True,True
2024-12-05T23:00:00,Chicago,1.09,1.05,True,True
2024-12-06T00:00:00,Chicago,0.95,1.12,True,True
2024-12-06T10:00:00,Chicago,1.0,0.93,True,False
2024-12-06T11:00:00,Chicago,0.92,1.09,False,True
2024-12-06T13:00:00,Chicago,1.0,0.98,True,False
2024-12-06T15:00:00,Chicago,0.99,0.96,True,False
2024-12-06T16:00:00,Chicago,1.1,1.59,True,True
2024-12-06T17:00:00,Chicago,1.01,1.37,True,False
2024-12-06T20:00:00,Chicago,0.95,1.03,False,False
2024-12-06T21:00:00,Chicago,1.08,1.13,True,True
2024-12-06T23:00:00,Chicago,1.74,0.99,True,False
2024-12-07T00:00:00,Chicago,1.02,0.9,True,True
2024-12-07T05:00:00,Chicago,0.91,1.04,True,False
2024-12-07T09:00:00,Chicago,1.0,1.47,True,True
2024-12-07T18:00:00,Chicago,0.95,1.38,True,True
2024-12-07T20:00:00,Chicago,1.72,1.0,True,True
2024-12-08T00:00:00,Chicago,1.03,1.06,True,True
2024-12-08T02:00:00,Chicago,1.25,1.13,True,False
2024-12-08T03:00:00,Chicago,0.97,0.94,True,False
2024-12-08T07:00:00,Chicago,1.11,0.9,True,True
2024-12-08T08:00:00,Chicago,0.91,1.2,True,True
2024-12-08T21:00:00,Chicago,0.91,0.88,True,False
2024-12-09T06:00:00,Chicago,1.08,1.09,True,True
2024-12-09T15:00:00,Chicago,0.96,0.86,False,True
2024-12-09T16:00:00,Chicago,0.95,1.13,True,True
2024-12-09T20:00:00,Chicago,1.09,1.0,True,True
2024-12-09T21:00:00,Chicago,0.98,0.94,True,True
2024-12-10T00:00:00,Chicago,1.21,0.92,True,True
2024-12-10T02:00:00,Chicago,0.92,1.02,True,True
2024-12-10T05:00:00,Chicago,1.1,0.95,True,True
2024-12-10T08:00:00,Chicago,1.19,1.02,True,True
2024-12-10T11:00:00,Chicago,1.03,0.89,False,True
2024-12-10T15:00:00,Chicago,1.09,1.13,True,True
2024-12-10T16:00:00,Chicago,1.03,0.91,True,True
2024-12-10T18:00:00,Chicago,1.03,1.33,True,True
2024-12-10T22:00:00,Chicago,0.95,1.37,False,False
2024-12-10T23:00:00,Chicago,1.0,1.0,True,True
2024-12-11T00:00:00,Chicago,1.05,1.56,True,False
2024-12-11T05:00:00,Chicago,0.95,1.09,True,True
2024-12-11T10:00:00,Chicago,1.36,0.98,True,True
2024-12-11T16:00:00,Chicago,1.11,1.77,True,True
2024-12-12T03:00:00,Chicago,0.93,0.92,True,True
2024-12-12T07:00:00,Chicago,1.69,1.95,False,True
2024-12-12T12:00:00,Chicago,0.99,1.02,True,True
2024-12-12T14:00:00,Chicago,0.99,0.88,True,True
2024-12-12T16:00:00,Chicago,1.1,1.22,True,True
2024-12-12T19:00:00,Chicago,0.98,1.94,True,True
2024-12-12T21:00:00,Chicago,0.93,1.03,True,True
2024-12-12T23:00:00,Chicago,1.41,1.37,True,True
2024-12-13T00:00:00,Chicago,0.93,1.24,True,True
2024-12-13T07:00:00,Chicago,1.07,0.91,True,True
2024-12-13T08:00:00,Chicago,1.88,0.93,True,True
2024-12-13T14:00:00,Chicago,1.07,1.0,True,True
2024-12-13T15:00:00,Chicago,0.91,0.98,True,True
2024-12-13T16:00:00,Chicago,1.14,1.44,True,True
2024-12-13T18:00:00,Chicago,1.05,1.22,True,False
2024-12-13T19:00:00,Chicago,1.63,0.95,True,True
2024-12-14T00:00:00,Chicago,0.92,1.08,True,True
2024-12-14T01:00:00,Chicago,1.46,0.94,True,True
2024-12-14T02:00:00,Chicago,0.96,1.65,True,False
2024-12-14T03:00:00,Chicago,1.03,0.9,True,True
2024-12-14T08:00:00,Chicago,1.75,0.9,False,True
2024-12-14T12:00:00,Chicago,1.06,1.12,True,True
2024-12-14T13:00:00,Chicago,0.93,1.04,True,True
2024-12-14T15:00:00,Chicago,0.9,0.9,True,True
2024-12-14T17:00:00,Chicago,1.15,1.11,True,True
2024-12-14T20:00:00,Chicago,0.97,0.98,False,True
2024-12-14T23:00:00,Chicago,1.77,1.33,True,True
2024-12-15T01:00:00,Chicago,0.97,1.3,True,False
2024-12-15T02:00:00,Chicago,0.99,0.87,True,True
2024-12-15T03:00:00,Chicago,1.05,1.32,False,True
2024-12-15T07:00:00,Chicago,1.17,1.03,True,True
2024-12-15T09:00:00,Chicago,1.04,1.61,True,True
2024-12-15T10:00:00,Chicago,1.09,1.03,True,True
2024-12-15T16:00:00,Chicago,1.05,0.93,True,True
2024-12-15T20:00:00,Chicago,1.07,0.93,True,True
2024-12-16T00:00:00,Chicago,1.07,1.02,True,True
2024-12-16T02:00:00,Chicago,1.22,1.13,True,True
2024-12-16T03:00:00,Chicago,1.03,0.94,True,False
2024-12-16T06:00:00,Chicago,0.95,1.05,True,True
2024-12-16T07:00:00,Chicago,1.04,1.06,True,True
2024-12-16T08:00:00,Chicago,1.06,1.13,True,True
2024-12-16T09:00:00,Chicago,0.92,1.18,True,True
2024-12-16T11:00:00,Chicago,1.01,1.07,True,True
2024-12-16T13:00:00,Chicago,0.93,0.91,True,True
2024-12-16T19:00:00,Chicago,0.93,0.98,True,True
2024-12-17T03:00:00,Chicago,0.95,1.1,True,True
2024-12-17T12:00:00,Chicago,0.91,1.07,False,True
2024-12-17T13:00:00,Chicago,1.14,0.92,True,True
2024-12-17T16:00:00,Chicago,1.41,0.93,True,True
2024-12-17T17:00:00,Chicago,1.16,1.41,True,True
2024-12-17T19:00:00,Chicago,1.04,0.97,True,True
2024-12-17T23:00:00,Chicago,1.23,1.12,True,True
2024-12-18T03:00:00,Chicago,1.01,1.37,True,True
2024-12-18T05:00:00,Chicago,1.07,0.99,True,True
2024-12-18T08:00:00,Chicago,1.03,1.1,True,True
2024-12-18T10:00:00,Chicago,1.07,1.11,True,True
2024-12-18T20:00:00,Chicago,0.99,0.93,True,True
2024-12-19T06:00:00,Chicago,0.96,1.04,True,True
2024-12-19T09:00:00,Chicago,1.3,0.94,True,True
2024-12-19T11:00:00,Chicago,0.96,1.31,True,True
2024-12-19T13:00:00,Chicago,1.39,0.85,True,True
2024-12-19T16:00:00,Chicago,1.17,1.04,True,True
2024-12-19T17:00:00,Chicago,1.23,1.26,True,True
2024-12-19T23:00:00,Chicago,1.02,1.11,True,False
2024-12-20T00:00:00,Chicago,1.84,1.08,True,True
2024-12-20T01:00:00,Chicago,1.0,0.9,True,True
2024-12-20T02:00:00,Chicago,0.95,0.85,True,True
2024-12-20T06:00:00,Chicago,0.95,1.13,True,True
2024-12-20T08:00:00,Chicago,0.94,1.0,True,True
2024-12-20T11:00:00,Chicago,1.07,1.13,True,True
2024-12-20T12:00:00,Chicago,0.91,1.02,True,True
2024-12-20T14:00:00,Chicago,0.98,1.16,False,True
2024-12-20T17:00:00,Chicago,0.94,1.04,False,True
2024-12-21T07:00:00,Chicago,1.32,1.2,True,False
2024-12-21T08:00:00,Chicago,1.0,1.14,True,True
2024-12-21T11:00:00,Chicago,1.08,1.02,True,False
2024-12-21T19:00:00,Chicago,1.07,1.35,True,True
2024-12-22T01:00:00,Chicago,0.95,1.0,True,True
2024-12-22T04:00:00,Chicago,1.04,0.85,True,True
2024-12-22T09:00:00,Chicago,1.0,0.96,True,True
2024-12-22T12:00:00,Chicago,0.98,0.97,True,True
2024-12-22T14:00:00,Chicago,0.97,1.12,True,True
2024-12-22T15:00:00,Chicago,1.01,1.03,True,True
2024-12-22T19:00:00,Chicago,0.98,1.12,True,True
2024-12-22T20:00:00,Chicago,0.97,0.87,True,True
2024-12-22T22:00:00,Chicago,1.1,1.16,True,True
2024-12-23T00:00:00,Chicago,0.91,0.92,True,True
2024-12-23T01:00:00,Chicago,1.05,1.09,True,True
2024-12-23T04:00:00,Chicago,1.09,1.05,True,True
2024-12-23T06:00:00,Chicago,0.9,1.47,True,False
2024-12-23T07:00:00,Chicago,0.94,1.01,True,True
2024-12-23T10:00:00,Chicago,1.02,0.9,True,True
2024-12-23T11:00:00,Chicago,1.02,0.87,True,True
2024-12-23T12:00:00,Chicago,0.98,0.85,True,False
2024-12-23T14:00:00,Chicago,0.98,0.95,True,True
2024-12-23T16:00:00,Chicago,1.47,0.97,True,True
2024-12-23T17:00:00,Chicago,1.08,1.21,True,True
2024-12-23T22:00:00,Chicago,1.05,1.13,True,True
2024-12-24T02:00:00,Chicago,1.05,1.13,True,True
2024-12-24T03:00:00,Chicago,1.36,1.14,True,True
2024-12-24T05:00:00,Chicago,0.94,0.89,True,True
2024-12-24T08:00:00,Chicago,1.09,1.5,True,True
2024-12-24T14:00:00,Chicago,1.41,0.98,True,True
2024-12-24T17:00:00,Chicago,1.37,1.19,True,True
2024-12-25T00:00:00,Chicago,0.96,0.86,True,True
2024-12-25T02:00:00,Chicago,0.99,1.53,True,True
2024-12-25T04:00:00,Chicago,0.93,0.99,True,True
2024-12-25T08:00:00,Chicago,1.16,1.13,True,True
2024-12-25T09:00:00,Chicago,1.39,2.09,True,True
2024-12-25T12:00:00,Chicago,1.08,1.14,False,True
2024-12-25T17:00:00,Chicago,1.1,1.28,True,True
2024-12-25T19:00:00,Chicago,1.18,1.29,True,True
2024-12-25T20:00:00,Chicago,1.49,1.14,True,True
2024-12-25T23:00:00,Chicago,1.08,1.35,True,True
2024-12-26T01:00:00,Chicago,1.03,1.04,True,False
2024-12-26T14:00:00,Chicago,1.03,1.0,True,True
2024-12-26T17:00:00,Chicago,0.91,1.29,True,True
2024-12-26T18:00:00,Chicago,1.74,1.26,True,True
2024-12-26T19:00:00,Chicago,1.1,1.33,True,True
2024-12-26T20:00:00,Chicago,1.06,0.98,True,True
2024-12-26T21:00:00,Chicago,0.99,1.04,False,True
2024-12-27T06:00:00,Chicago,0.96,1.09,True,True
2024-12-27T07:00:00,Chicago,1.87,0.87,True,True
2024-12-27T09:00:00,Chicago,1.06,1.13,True,True
2024-12-27T10:00:00,Chicago,0.96,0.89,True,True
2024-12-27T16:00:00,Chicago,1.66,1.06,True,True
2024-12-27T17:00:00,Chicago,0.99,0.85,True,True
2024-12-27T21:00:00,Chicago,0.95,0.87,True,True
2024-12-27T23:00:00,Chicago,1.0,0.94,True,True
2024-12-28T09:00:00,Chicago,1.96,0.96,True,True
2024-12-28T11:00:00,Chicago,1.03,1.09,True,False
2024-12-28T12:00:00,Chicago,1.0,1.11,True,True
2024-12-28T23:00:00,Chicago,1.12,0.99,True,False
2024-12-29T03:00:00,Chicago,0.95,0.96,True,True
2024-12-29T05:00:00,Chicago,0.92,1.07,True,True
2024-12-29T09:00:00,Chicago,1.09,0.95,True,True
2024-12-29T15:00:00,Chicago,1.52,1.05,True,True
2024-12-29T18:00:00,Chicago,1.13,1.15,True,True
2024-12-29T20:00:00,Chicago,1.03,1.04,True,True
2024-12-29T22:00:00,Chicago,1.07,1.28,True,True
2024-12-30T03:00:00,Chicago,1.02,1.14,True,True
2024-12-30T07:00:00,Chicago,0.91,0.97,False,True
2024-12-30T10:00:00,Chicago,1.01,0.86,True,True
2024-12-30T20:00:00,Chicago,0.96,0.87,True,False
